{
	"credit": "Made with Blockbench",
	"parent": "block/tinted_cross",
	"textures": {
		"cross": "block/kelp",
		"particle": "block/kelp_plant",
		"3_cross": "block/kelp_plant"
	},
	"elements": [
		{
			"from": [7.09045, -0.03181, 6.99105],
			"to": [9.05865, 6.96819, 8.89562],
			"rotation": {"angle": 0, "axis": "y", "origin": [7.83598, 5.62204, 8.6501]},
			"faces": {
				"north": {"uv": [7, 11, 8, 16], "texture": "#cross"},
				"east": {"uv": [7, 11, 8, 16], "texture": "#cross"},
				"south": {"uv": [7, 11, 8, 16], "texture": "#cross"},
				"west": {"uv": [7, 9, 8.904, 16], "texture": "#3_cross"},
				"up": {"uv": [7, 12, 8, 13.904], "texture": "#cross"},
				"down": {"uv": [7, 11, 8, 16], "texture": "#cross"}
			}
		},
		{
			"from": [7.09045, 6.96819, 6.99105],
			"to": [9.05865, 15.96819, 8.89562],
			"rotation": {"angle": 0, "axis": "y", "origin": [7.83598, 12.62204, 8.6501]},
			"faces": {
				"north": {"uv": [7, 11, 8, 16], "texture": "#cross"},
				"east": {"uv": [7, 11, 8, 16], "texture": "#cross"},
				"south": {"uv": [7, 11, 8, 16], "texture": "#cross"},
				"west": {"uv": [7, 9, 8.904, 16], "texture": "#3_cross"},
				"up": {"uv": [7, 12, 8, 13.904], "texture": "#cross"},
				"down": {"uv": [7, 11, 8, 16], "texture": "#cross"}
			}
		},
		{
			"from": [8.09045, -0.12724, 8.76839],
			"to": [8.09045, 1.87276, 14.67296],
			"rotation": {"angle": 0, "axis": "y", "origin": [6.86779, 5.52661, 10.42743]},
			"faces": {
				"north": {"uv": [9, 14, 14.903, 16], "texture": "#cross"},
				"east": {"uv": [1, 12, 6.90457, 14], "texture": "#cross"},
				"south": {"uv": [9, 14, 14.903, 16], "texture": "#cross"},
				"west": {"uv": [9, 13, 14.904, 16], "texture": "#3_cross"},
				"up": {"uv": [9, 14, 14.903, 16], "texture": "#cross"},
				"down": {"uv": [9, 14, 14.903, 16], "texture": "#cross"}
			}
		},
		{
			"from": [8.05865, 7.87276, 0.86381],
			"to": [8.05865, 11.87276, 7.76839],
			"rotation": {"angle": 0, "axis": "y", "origin": [6.83598, 13.52661, 3.52286]},
			"faces": {
				"north": {"uv": [5, 7, 11.903, 11], "texture": "#cross"},
				"east": {"uv": [5, 7, 11.903, 11], "texture": "#cross"},
				"south": {"uv": [5, 7, 11.903, 11], "texture": "#cross"},
				"west": {"uv": [1, 4, 7.903, 8], "texture": "#3_cross"},
				"up": {"uv": [5, 7, 11.903, 11], "texture": "#cross"},
				"down": {"uv": [5, 7, 11.903, 11], "texture": "#cross"}
			}
		},
		{
			"from": [8.05865, 7.87276, 7.86381],
			"to": [8.05865, 11.87276, 14.76839],
			"rotation": {"angle": 0, "axis": "y", "origin": [6.83598, 13.52661, 10.52286]},
			"faces": {
				"north": {"uv": [5, 7, 11.903, 11], "texture": "#cross"},
				"east": {"uv": [0, 4, 6.903, 8], "texture": "#3_cross"},
				"south": {"uv": [5, 7, 11.903, 11], "texture": "#cross"},
				"west": {"uv": [9, 3, 15.903, 7], "texture": "#3_cross"},
				"up": {"uv": [5, 7, 11.903, 11], "texture": "#cross"},
				"down": {"uv": [5, 7, 11.903, 11], "texture": "#cross"}
			}
		},
		{
			"from": [8.05865, 3.87276, 7.86381],
			"to": [8.05865, 7.87276, 14.76839],
			"rotation": {"angle": 0, "axis": "y", "origin": [6.83598, 9.52661, 10.52286]},
			"faces": {
				"north": {"uv": [5, 7, 11.903, 11], "texture": "#cross"},
				"east": {"uv": [0, 8, 6.903, 12], "texture": "#3_cross"},
				"south": {"uv": [5, 7, 11.903, 11], "texture": "#cross"},
				"west": {"uv": [9, 8, 15.903, 12], "texture": "#3_cross"},
				"up": {"uv": [5, 7, 11.903, 11], "texture": "#cross"},
				"down": {"uv": [5, 7, 11.903, 11], "texture": "#cross"}
			}
		},
		{
			"from": [8.05865, 3.87276, 0.86381],
			"to": [8.05865, 7.87276, 7.76839],
			"rotation": {"angle": 0, "axis": "y", "origin": [6.83598, 9.52661, 3.52286]},
			"faces": {
				"north": {"uv": [5, 7, 11.903, 11], "texture": "#cross"},
				"east": {"uv": [9, 8, 15.903, 12], "texture": "#3_cross"},
				"south": {"uv": [5, 7, 11.903, 11], "texture": "#cross"},
				"west": {"uv": [0, 8, 6.903, 12], "texture": "#3_cross"},
				"up": {"uv": [5, 7, 11.903, 11], "texture": "#cross"},
				"down": {"uv": [5, 7, 11.903, 11], "texture": "#cross"}
			}
		},
		{
			"from": [8.05865, -0.12724, 7.86381],
			"to": [8.05865, 3.87276, 14.76839],
			"rotation": {"angle": 0, "axis": "y", "origin": [6.83598, 5.52661, 10.52286]},
			"faces": {
				"north": {"uv": [5, 7, 11.903, 11], "texture": "#cross"},
				"east": {"uv": [0, 12, 6.903, 16], "texture": "#3_cross"},
				"south": {"uv": [5, 7, 11.903, 11], "texture": "#cross"},
				"west": {"uv": [9, 8, 15.903, 12], "texture": "#3_cross"},
				"up": {"uv": [5, 7, 11.903, 11], "texture": "#cross"},
				"down": {"uv": [5, 7, 11.903, 11], "texture": "#cross"}
			}
		},
		{
			"from": [8.05865, 11.87276, 7.86381],
			"to": [8.05865, 15.87276, 14.76839],
			"rotation": {"angle": 0, "axis": "y", "origin": [6.83598, 17.52661, 10.52286]},
			"faces": {
				"north": {"uv": [5, 7, 11.903, 11], "texture": "#cross"},
				"east": {"uv": [2, 0, 8.903, 4], "texture": "#3_cross"},
				"south": {"uv": [5, 7, 11.903, 11], "texture": "#cross"},
				"west": {"uv": [9, 0, 15.903, 4], "texture": "#3_cross"},
				"up": {"uv": [5, 7, 11.903, 11], "texture": "#cross"},
				"down": {"uv": [5, 7, 11.903, 11], "texture": "#cross"}
			}
		},
		{
			"from": [8.05865, 11.87276, -0.04076],
			"to": [8.05865, 15.87276, 6.86381],
			"rotation": {"angle": 0, "axis": "y", "origin": [6.83598, 17.52661, 2.61829]},
			"faces": {
				"north": {"uv": [5, 7, 11.903, 11], "texture": "#cross"},
				"east": {"uv": [9, 0, 15.903, 4], "texture": "#3_cross"},
				"south": {"uv": [5, 7, 11.903, 11], "texture": "#cross"},
				"west": {"uv": [1, 0, 7.903, 4], "texture": "#3_cross"},
				"up": {"uv": [5, 7, 11.903, 11], "texture": "#cross"},
				"down": {"uv": [5, 7, 11.903, 11], "texture": "#cross"}
			}
		},
		{
			"from": [8.05865, -0.12724, 0.86381],
			"to": [8.05865, 3.87276, 7.76839],
			"rotation": {"angle": 0, "axis": "y", "origin": [6.83598, 5.52661, 3.52286]},
			"faces": {
				"north": {"uv": [0, 12, 6.903, 16], "texture": "#cross"},
				"east": {"uv": [9, 12, 15.904, 16], "texture": "#3_cross"},
				"south": {"uv": [0, 12, 6.903, 16], "texture": "#cross"},
				"west": {"uv": [0, 11, 6.903, 15], "texture": "#3_cross"},
				"up": {"uv": [0, 12, 6.903, 16], "texture": "#cross"},
				"down": {"uv": [0, 12, 6.903, 16], "texture": "#cross"}
			}
		}
	],
	"display": {
		"thirdperson_righthand": {
			"rotation": [75, 45, 0],
			"translation": [0, 2.5, 0],
			"scale": [0.375, 0.375, 0.375]
		},
		"firstperson_righthand": {
			"rotation": [0, 45, 0],
			"scale": [0.4, 0.4, 0.4]
		},
		"firstperson_lefthand": {
			"rotation": [0, 225, 0],
			"scale": [0.4, 0.4, 0.4]
		},
		"ground": {
			"translation": [0, 3, 0],
			"scale": [0.25, 0.25, 0.25]
		},
		"gui": {
			"rotation": [30, 225, 0],
			"scale": [0.625, 0.625, 0.625]
		},
		"fixed": {
			"scale": [0.5, 0.5, 0.5]
		}
	},
	"groups": [
		{
			"name": "kelp",
			"origin": [8, 8, 8],
			"children": []
		}, 0, 1, 2, 3, 4, 5, 6, 7, 8, 9, 10,
		{
			"name": "kelp_plant",
			"origin": [8, 8, 8],
			"children": []
		}
	]
}